﻿Designator,Quantity,Value,Footprint,Package,MPN,Mount_Type
"C1, C2, C3, C4",4,10µ,C_0805_2012Metric_Pad1.18x1.45mm_HandSolder,,,smt
D1,1,LED (R),LED_0805_2012Metric_Pad1.15x1.40mm_HandSolder,,,smt
"D2, D3, D4, D5",4,LED (G),LED_0805_2012Metric_Pad1.15x1.40mm_HandSolder,,,smt
"D6, D7, D8",3,LED (B),LED_0805_2012Metric_Pad1.15x1.40mm_HandSolder,,,smt
"H1, H2, H3, H4",4,MountingHole,MountingHole_4.3mm_M4_Pad,,,tht
J1,1,Screw_Terminal_01x02,"TerminalBlock_Phoenix_MKDS-1,5-2-5.08_1x02_P5.08mm_Horizontal",,,tht
J2,1,Conn_01x03,PinHeader_1x03_P2.54mm_Vertical,,,tht
"J3, J4",2,Conn_01x02,PinHeader_1x02_P2.54mm_Vertical,,,tht
J6,1,Conn_02x20_Odd_Even,2x20 Pin Header Keyed,,,tht
J7,1,Conn_01x06,PinSocket_1x06_P2.54mm_Vertical,,,tht
"R1, R10, R11, R4, R5, R6, R7, R8, R9",9,1k,R_0805_2012Metric_Pad1.20x1.40mm_HandSolder,,,smt
"R2, R3",2,10k,R_0805_2012Metric_Pad1.20x1.40mm_HandSolder,,,smt
"SW0, SW1, SW2, SW3, SW4, SW5",6,SW_Push,SW_PUSH_6mm_H4.3mm,,,tht
SW6,1,SW_DIP_x04,SW_DIP_SPSTx04_Slide_6.7x11.72mm_W7.62mm_P2.54mm_LowProfile,,,tht
SW7,1,SW_DIP_x08,SW_DIP_SPSTx08_Slide_6.7x21.88mm_W7.62mm_P2.54mm_LowProfile,,,tht
U1,1,NUCLEO-LxxxKx,NUCLEO-32,,,tht
U2,1,UPduino_v3.1,UPduino_v3.1,,,tht
U3,1,LD1117DT50TR,TO-252-2,,,smt
U4,1,LD1117DT33CTR,TO-252-2,,,smt
U5,1,mikroBUS_SOCKET,MIKROBUS_HOST_CONN,,,tht
