﻿pos_x,pos_y,rotation,side,designator,mpn,pack,footprint,value,mount_type,place
129.3407,-113.5126,180.0,top,C1,,,C_0805_2012Metric_Pad1.18x1.45mm_HandSolder,10µ,smt,True
107.569,-111.379,-90.0,top,C2,,,C_0805_2012Metric_Pad1.18x1.45mm_HandSolder,10µ,smt,True
112.903,-114.1945,180.0,top,C3,,,C_0805_2012Metric_Pad1.18x1.45mm_HandSolder,10µ,smt,True
133.2992,-105.2068,-90.0,top,C4,,,C_0805_2012Metric_Pad1.18x1.45mm_HandSolder,10µ,smt,True
46.100874,-123.825,0.0,top,D1,,,LED_0805_2012Metric_Pad1.15x1.40mm_HandSolder,LED (R),smt,True
46.100874,-126.691574,0.0,top,D2,,,LED_0805_2012Metric_Pad1.15x1.40mm_HandSolder,LED (G),smt,True
46.100874,-129.558145,0.0,top,D3,,,LED_0805_2012Metric_Pad1.15x1.40mm_HandSolder,LED (G),smt,True
46.100874,-132.424716,0.0,top,D4,,,LED_0805_2012Metric_Pad1.15x1.40mm_HandSolder,LED (G),smt,True
46.100874,-135.291287,0.0,top,D5,,,LED_0805_2012Metric_Pad1.15x1.40mm_HandSolder,LED (G),smt,True
46.100874,-138.157858,0.0,top,D6,,,LED_0805_2012Metric_Pad1.15x1.40mm_HandSolder,LED (B),smt,True
46.100874,-141.024429,0.0,top,D7,,,LED_0805_2012Metric_Pad1.15x1.40mm_HandSolder,LED (B),smt,True
46.100874,-143.891,0.0,top,D8,,,LED_0805_2012Metric_Pad1.15x1.40mm_HandSolder,LED (B),smt,True
37.846,-57.277,0.0,top,H1,,,MountingHole_4.3mm_M4_Pad,MountingHole,tht,True
37.846,-152.4,0.0,top,H2,,,MountingHole_4.3mm_M4_Pad,MountingHole,tht,True
134.62,-57.277,0.0,top,H3,,,MountingHole_4.3mm_M4_Pad,MountingHole,tht,True
134.62,-152.4,0.0,top,H4,,,MountingHole_4.3mm_M4_Pad,MountingHole,tht,True
116.84,-152.4,0.0,top,J1,,,"TerminalBlock_Phoenix_MKDS-1,5-2-5.08_1x02_P5.08mm_Horizontal",Screw_Terminal_01x02,tht,True
88.9,-134.62,0.0,top,J2,,,PinHeader_1x03_P2.54mm_Vertical,Conn_01x03,tht,True
88.9,-125.603,0.0,top,J3,,,PinHeader_1x02_P2.54mm_Vertical,Conn_01x02,tht,True
95.0722,-125.5776,0.0,top,J4,,,PinHeader_1x02_P2.54mm_Vertical,Conn_01x02,tht,True
49.53,-152.908,-90.0,top,J6,,,2x20 Pin Header Keyed,Conn_02x20_Odd_Even,tht,True
129.184,-122.834,0.0,top,J7,,,PinSocket_1x06_P2.54mm_Vertical,Conn_01x06,tht,True
92.964,-110.728,90.0,top,R1,,,R_0805_2012Metric_Pad1.20x1.40mm_HandSolder,1k,smt,True
38.598874,-141.024429,180.0,top,R10,,,R_0805_2012Metric_Pad1.20x1.40mm_HandSolder,1k,smt,True
38.598874,-143.891,180.0,top,R11,,,R_0805_2012Metric_Pad1.20x1.40mm_HandSolder,1k,smt,True
74.676,-128.778,90.0,top,R2,,,R_0805_2012Metric_Pad1.20x1.40mm_HandSolder,10k,smt,True
92.329,-135.605,90.0,top,R3,,,R_0805_2012Metric_Pad1.20x1.40mm_HandSolder,10k,smt,True
38.598874,-123.825,180.0,top,R4,,,R_0805_2012Metric_Pad1.20x1.40mm_HandSolder,1k,smt,True
38.598874,-126.691574,180.0,top,R5,,,R_0805_2012Metric_Pad1.20x1.40mm_HandSolder,1k,smt,True
38.598874,-129.558145,180.0,top,R6,,,R_0805_2012Metric_Pad1.20x1.40mm_HandSolder,1k,smt,True
38.598874,-132.424716,180.0,top,R7,,,R_0805_2012Metric_Pad1.20x1.40mm_HandSolder,1k,smt,True
38.598874,-135.291287,180.0,top,R8,,,R_0805_2012Metric_Pad1.20x1.40mm_HandSolder,1k,smt,True
38.598874,-138.157858,180.0,top,R9,,,R_0805_2012Metric_Pad1.20x1.40mm_HandSolder,1k,smt,True
43.382,-108.93,180.0,top,SW0,,,SW_PUSH_6mm_H4.3mm,SW_Push,tht,True
43.382,-118.582,180.0,top,SW1,,,SW_PUSH_6mm_H4.3mm,SW_Push,tht,True
43.18,-83.312,180.0,top,SW2,,,SW_PUSH_6mm_H4.3mm,SW_Push,tht,True
43.128,-73.878,180.0,top,SW3,,,SW_PUSH_6mm_H4.3mm,SW_Push,tht,True
89.408,-114.3,180.0,top,SW4,,,SW_PUSH_6mm_H4.3mm,SW_Push,tht,True
71.6522,-132.298,180.0,top,SW5,,,SW_PUSH_6mm_H4.3mm,SW_Push,tht,True
36.332,-90.434,0.0,top,SW6,,,SW_DIP_SPSTx04_Slide_6.7x11.72mm_W7.62mm_P2.54mm_LowProfile,SW_DIP_x04,tht,True
106.69,-121.681,0.0,top,SW7,,,SW_DIP_SPSTx08_Slide_6.7x21.88mm_W7.62mm_P2.54mm_LowProfile,SW_DIP_x08,tht,True
93.305198,-104.651988,0.0,top,U1,,,NUCLEO-32,NUCLEO-LxxxKx,tht,True
63.246,-121.190004,0.0,top,U2,,,UPduino_v3.1,UPduino_v3.1,tht,True
128.143,-104.995,90.0,top,U3,,,TO-252-2,LD1117DT50TR,smt,True
112.903,-104.995,90.0,top,U4,,,TO-252-2,LD1117DT33CTR,smt,True
110.236,-73.7235,0.0,top,U5,,,MIKROBUS_HOST_CONN,mikroBUS_SOCKET,tht,True
